{
  "timestamp": "2025-08-14T18:00:26.784735",
  "num_classes": 11,
  "num_samples": 61,
  "epochs": 13,
  "training_time_seconds": 17.834754,
  "final_train_accuracy": 0.2291666716337204,
  "final_val_accuracy": 0.3076923191547394,
  "final_train_loss": 2.269392728805542,
  "final_val_loss": 2.271190881729126,
  "classes": [
    "Dammika",
    "Kalana",
    "Kasun",
    "Nethmi",
    "Nimesha",
    "Pavani",
    "Ranjith",
    "Salinda",
    "Savidu",
    "Shaini",
    "kaushalya"
  ]
}